CellType,Ablation,Depth,mean,ci_lo,ci_hi,std,n_seeds,median_hypergeom_p,frac_seeds_sig
ALL_CELLS,CELLS_AS_NODES,50,12.0,9.516672003592472,14.483327996407528,2.0,5.0,0.19609520538505473,0.0
ALL_CELLS,CELLS_AS_NODES,100,11.4,8.825230732070924,13.974769267929076,2.073644135332772,5.0,0.09009574346003232,0.4
ALL_CELLS,CELLS_AS_NODES,150,11.600000000000001,9.522298732632866,13.677701267367137,1.673320053068151,5.0,0.07679429937751911,0.4
ALL_CELLS,CELLS_AS_NODES,200,11.6,9.877261117424332,13.322738882575667,1.3874436925511606,5.0,0.06323108124767493,0.4
ALL_CELLS,CELLS_AS_NODES,250,10.879999999999999,9.747428178414182,12.012571821585816,0.9121403400793103,5.0,0.03159865409811371,0.6
ALL_CELLS,FULL,50,30.8,28.578843915841766,33.021156084158235,1.7888543819998317,5.0,5.6763321743078e-07,1.0
ALL_CELLS,FULL,100,26.6,24.344405333700962,28.85559466629904,1.816590212458495,5.0,4.025337297192062e-09,1.0
ALL_CELLS,FULL,150,22.133333333333333,19.99068828617867,24.275978380487995,1.7256238807393052,5.0,1.9599349080656305e-08,1.0
ALL_CELLS,FULL,200,19.2,15.956189936005606,22.44381006399439,2.6124700955226263,5.0,9.574587036641045e-07,1.0
ALL_CELLS,FULL,250,17.68,15.01924413135531,20.34075586864469,2.1428952377566195,5.0,2.0127384229702505e-06,1.0
ALL_CELLS,MEAN_POOL,50,26.0,22.958556772416728,29.041443227583272,2.449489742783178,5.0,8.102844115688371e-05,1.0
ALL_CELLS,MEAN_POOL,100,20.2,18.83982523868349,21.56017476131651,1.0954451150103324,5.0,1.9569774228175307e-05,1.0
ALL_CELLS,MEAN_POOL,150,16.933333333333334,15.989523482011819,17.877143184654848,0.7601169500660916,5.0,0.0001897660237071641,1.0
ALL_CELLS,MEAN_POOL,200,17.4,16.054068298831048,18.74593170116895,1.08397416943394,5.0,7.63206676949807e-06,1.0
ALL_CELLS,MEAN_POOL,250,17.52,16.87242728611652,18.16757271388348,0.5215361924162119,5.0,9.436351220545566e-08,1.0
ALL_CELLS,NO_FILTER,50,21.2,19.83982523868349,22.56017476131651,1.0954451150103324,5.0,0.001081988718625813,1.0
ALL_CELLS,NO_FILTER,100,21.6,20.18428522301773,23.01571477698227,1.1401754250991378,5.0,3.5676634351109763e-06,1.0
ALL_CELLS,NO_FILTER,150,19.333333333333336,18.505557334530828,20.161109332135844,0.6666666666666661,5.0,1.6179809787503978e-06,1.0
ALL_CELLS,NO_FILTER,200,16.7,15.081068215291296,18.318931784708703,1.3038404810405297,5.0,1.1627351188439546e-05,1.0
ALL_CELLS,NO_FILTER,250,15.120000000000001,12.50600974083347,17.733990259166532,2.1052315787105234,5.0,0.000221182756294469,1.0
ALL_CELLS,NO_GRAPH,50,6.8,5.439825238683489,8.160174761316512,1.0954451150103321,5.0,0.7662941789876834,0.0
ALL_CELLS,NO_GRAPH,100,9.2,7.159737858025232,11.240262141974767,1.6431676725154984,5.0,0.25853246521379897,0.0
ALL_CELLS,NO_GRAPH,150,12.933333333333334,12.192947971947255,13.673718694719412,0.5962847939999443,5.0,0.012140063206685286,1.0
ALL_CELLS,NO_GRAPH,200,13.1,11.493016214634004,14.706983785365995,1.2942179105544784,5.0,0.006228315559514265,1.0
ALL_CELLS,NO_GRAPH,250,12.4,10.609246715031482,14.190753284968519,1.4422205101855954,5.0,0.010706515027223275,0.8
ALL_CELLS,WILCOXON_FAIR,50,20.0,20.0,20.0,0.0,5.0,0.004632335811373249,1.0
ALL_CELLS,WILCOXON_FAIR,100,18.0,18.0,18.0,0.0,5.0,0.0006055291339257558,1.0
ALL_CELLS,WILCOXON_FAIR,150,14.666666666666666,14.666666666666666,14.666666666666666,0.0,5.0,0.002691490879401459,1.0
ALL_CELLS,WILCOXON_FAIR,200,15.0,15.0,15.0,0.0,5.0,0.0003033273940968507,1.0
ALL_CELLS,WILCOXON_FAIR,250,13.6,13.6,13.6,0.0,5.0,0.0007807649278678803,1.0
AST-FB,CELLS_AS_NODES,50,10.8,9.43982523868349,12.160174761316512,1.0954451150103324,5.0,0.8945508187592306,0.0
AST-FB,CELLS_AS_NODES,100,14.2,13.161149366316431,15.238850633683567,0.8366600265340756,5.0,0.6694923124565388,0.0
AST-FB,CELLS_AS_NODES,150,12.133333333333333,11.440766244210955,12.82590042245571,0.5577733510227165,5.0,0.8905926436676773,0.0
AST-FB,CELLS_AS_NODES,200,11.4,10.880574683158217,11.919425316841783,0.4183300132670378,5.0,0.9476850532013861,0.0
AST-FB,CELLS_AS_NODES,250,11.920000000000002,11.183325866803209,12.656674133196795,0.5932958789676536,5.0,0.9410829323642416,0.0
AST-FB,FULL,50,20.8,13.864442350150702,27.735557649849298,5.585696017507576,5.0,0.12370672982610104,0.4
AST-FB,FULL,100,16.6,13.74147480901298,19.458525190987025,2.302172886644268,5.0,0.5593578030511006,0.0
AST-FB,FULL,150,16.4,15.456190148678484,17.343809851321513,0.7601169500660917,5.0,0.32972577166931766,0.0
AST-FB,FULL,200,18.4,17.379868929012616,19.42013107098738,0.8215838362577491,5.0,0.103446939514193,0.0
AST-FB,FULL,250,18.88,17.924644644760008,19.83535535523999,0.7694153624668534,5.0,0.04025094768518044,0.6
AST-FB,MEAN_POOL,50,22.4,19.679650477366977,25.12034952263302,2.1908902300206647,5.0,0.12370672982610104,0.2
AST-FB,MEAN_POOL,100,19.0,17.479278386208364,20.520721613791636,1.224744871391589,5.0,0.16870417722399847,0.0
AST-FB,MEAN_POOL,150,15.600000000000003,14.656190148678489,16.54380985132152,0.7601169500660925,5.0,0.5088335761601605,0.0
AST-FB,MEAN_POOL,200,13.3,12.358461655825781,14.24153834417422,0.7582875444051551,5.0,0.834708211392361,0.0
AST-FB,MEAN_POOL,250,12.08,11.664459746526573,12.495540253473427,0.33466401061363055,5.0,0.9410829323642416,0.0
AST-FB,NO_FILTER,50,19.6,16.362136430582595,22.837863569417408,2.6076809620810595,5.0,0.1401957037630407,0.0
AST-FB,NO_FILTER,100,15.4,13.734132936881323,17.065867063118677,1.3416407864998738,5.0,0.29598130433044356,0.0
AST-FB,NO_FILTER,150,14.8,13.319229277227844,16.280770722772157,1.1925695879998877,5.0,0.4083157954997938,0.0
AST-FB,NO_FILTER,200,14.8,14.092142611508864,15.507857388491137,0.570087712549569,5.0,0.3314336503112813,0.0
AST-FB,NO_FILTER,250,14.4,13.697608773531934,15.102391226468066,0.5656854249492386,5.0,0.33889077618024355,0.0
AST-FB,NO_GRAPH,50,18.8,14.64459746526573,22.955402534734272,3.3466401061363023,5.0,0.3410357276957709,0.0
AST-FB,NO_GRAPH,100,14.2,12.839825238683488,15.56017476131651,1.0954451150103324,5.0,0.5593578030511006,0.0
AST-FB,NO_GRAPH,150,18.133333333333333,17.440766244210952,18.825900422455714,0.5577733510227181,5.0,0.18569176340277532,0.0
AST-FB,NO_GRAPH,200,18.1,17.179157333504012,19.02084266649599,0.7416198487095662,5.0,0.14303357326993452,0.0
AST-FB,NO_GRAPH,250,17.84,16.246020643060433,19.433979356939567,1.2837445228704971,5.0,0.19351416687162049,0.4
AST-FB,WILCOXON_FAIR,50,22.0,22.0,22.0,0.0,5.0,0.12370672982610104,0.0
AST-FB,WILCOXON_FAIR,100,18.0,18.0,18.0,0.0,5.0,0.24555233754903683,0.0
AST-FB,WILCOXON_FAIR,150,18.0,18.0,18.0,0.0,5.0,0.18569176340277532,0.0
AST-FB,WILCOXON_FAIR,200,16.5,16.5,16.5,0.0,5.0,0.31837470984957483,0.0
AST-FB,WILCOXON_FAIR,250,17.6,17.6,17.6,0.0,5.0,0.14835847725329157,0.0
AST-PP,CELLS_AS_NODES,50,15.6,14.489421957920882,16.710578042079117,0.8944271909999159,5.0,0.22877513596688764,0.0
AST-PP,CELLS_AS_NODES,100,20.4,19.28942195792088,21.510578042079118,0.8944271909999159,5.0,0.005066832549940825,1.0
AST-PP,CELLS_AS_NODES,150,19.333333333333336,18.31951892413891,20.34714774252776,0.816496580927726,5.0,0.003922105722634037,1.0
AST-PP,CELLS_AS_NODES,200,17.2,16.07220266685048,18.32779733314952,0.9082951062292476,5.0,0.01469875404722299,1.0
AST-PP,CELLS_AS_NODES,250,16.24,15.67371408920709,16.80628591079291,0.4560701700396553,5.0,0.014058121802702656,1.0
AST-PP,FULL,50,11.2,7.868265873762647,14.531734126237351,2.6832815729997477,5.0,0.7175915562829853,0.0
AST-PP,FULL,100,7.6,6.919912619341744,8.280087380658255,0.5477225575051661,5.0,0.9172201664296271,0.0
AST-PP,FULL,150,8.399999999999999,7.946608412894495,8.853391587105502,0.36514837167011044,5.0,0.9143638440143398,0.0
AST-PP,FULL,200,9.8,8.761149366316433,10.838850633683569,0.8366600265340756,5.0,0.8192793563277214,0.0
AST-PP,FULL,250,11.12,9.697766164240496,12.542233835759502,1.1454256850621085,5.0,0.6458538863387069,0.0
AST-PP,MEAN_POOL,50,9.2,7.839825238683488,10.56017476131651,1.0954451150103324,5.0,0.7175915562829853,0.0
AST-PP,MEAN_POOL,100,11.8,10.181068215291297,13.418931784708704,1.3038404810405297,5.0,0.5184489416519484,0.0
AST-PP,MEAN_POOL,150,10.933333333333334,9.822755291254216,12.043911375412451,0.8944271909999159,5.0,0.6068746988521294,0.0
AST-PP,MEAN_POOL,200,8.8,7.858461655825781,9.74153834417422,0.758287544405155,5.0,0.9187720867337924,0.0
AST-PP,MEAN_POOL,250,8.4,7.903334400718494,8.896665599281507,0.40000000000000036,5.0,0.9705483280269313,0.0
AST-PP,NO_FILTER,50,9.2,5.433846623303124,12.966153376696875,3.03315017762062,5.0,0.8091023965969224,0.0
AST-PP,NO_FILTER,100,6.8,5.439825238683489,8.160174761316512,1.0954451150103321,5.0,0.969040278261344,0.0
AST-PP,NO_FILTER,150,6.133333333333334,5.054045476860865,7.212621189805803,0.8692269873603532,5.0,0.9729466886144756,0.0
AST-PP,NO_FILTER,200,7.6,6.579868929012616,8.620131070987384,0.8215838362577491,5.0,0.9335591001709934,0.0
AST-PP,NO_FILTER,250,9.28,7.947306349505059,10.61269365049494,1.0733126291998991,5.0,0.8878429867437411,0.0
AST-PP,NO_GRAPH,50,5.6,3.5222987326328643,7.677701267367135,1.6733200530681511,5.0,0.9450877606909346,0.0
AST-PP,NO_GRAPH,100,5.4,4.719912619341745,6.080087380658256,0.5477225575051662,5.0,0.9942996896959791,0.0
AST-PP,NO_GRAPH,150,9.866666666666667,8.638876444672013,11.094456888661322,0.9888264649460887,5.0,0.7908070620266464,0.0
AST-PP,NO_GRAPH,200,11.9,10.068808685951439,13.731191314048562,1.4747881203752624,5.0,0.49295022942778277,0.0
AST-PP,NO_GRAPH,250,12.24,10.646020643060435,13.833979356939565,1.2837445228704967,5.0,0.40411396241527536,0.0
AST-PP,WILCOXON_FAIR,50,18.0,18.0,18.0,0.0,5.0,0.12566690271745162,0.0
AST-PP,WILCOXON_FAIR,100,19.0,19.0,19.0,0.0,5.0,0.02157173142230072,1.0
AST-PP,WILCOXON_FAIR,150,15.333333333333334,15.333333333333334,15.333333333333334,0.0,5.0,0.10624154357440975,0.0
AST-PP,WILCOXON_FAIR,200,17.5,17.5,17.5,0.0,5.0,0.00856094180932994,1.0
AST-PP,WILCOXON_FAIR,250,17.2,17.2,17.2,0.0,5.0,0.0050757910450019116,1.0
Endothelial,CELLS_AS_NODES,50,9.6,6.362136430582593,12.837863569417406,2.6076809620810595,5.0,0.7271947561190307,0.0
Endothelial,CELLS_AS_NODES,100,8.8,6.255346028508297,11.344653971491704,2.04939015319192,5.0,0.9230943924647721,0.0
Endothelial,CELLS_AS_NODES,150,11.466666666666667,9.672091065108066,13.261242268225267,1.4452988925785868,5.0,0.5242625662020759,0.0
Endothelial,CELLS_AS_NODES,200,10.5,9.518378419261222,11.481621580738778,0.7905694150420949,5.0,0.7687642369200687,0.0
Endothelial,CELLS_AS_NODES,250,9.520000000000001,8.443254639064842,10.596745360935161,0.8671793355471521,5.0,0.901643145917821,0.0
Endothelial,FULL,50,5.2,2.9788439158417654,7.421156084158235,1.7888543819998317,5.0,0.9867823972386427,0.0
Endothelial,FULL,100,12.0,8.95855677241673,15.04144322758327,2.449489742783178,5.0,0.6585740749122998,0.0
Endothelial,FULL,150,11.866666666666665,10.385895943894509,13.347437389438822,1.1925695879998883,5.0,0.5242625662020759,0.0
Endothelial,FULL,200,12.3,11.358461655825781,13.24153834417422,0.758287544405155,5.0,0.4276102867769791,0.0
Endothelial,FULL,250,11.120000000000001,10.231537566336707,12.008462433663295,0.7155417527999325,5.0,0.670615702362718,0.0
Endothelial,MEAN_POOL,50,6.4,5.289421957920883,7.510578042079118,0.8944271909999157,5.0,0.9479938276939158,0.0
Endothelial,MEAN_POOL,100,11.0,11.0,11.0,0.0,5.0,0.6585740749122998,0.0
Endothelial,MEAN_POOL,150,9.600000000000001,9.146608412894498,10.053391587105505,0.36514837167011044,5.0,0.8719733799910578,0.0
Endothelial,MEAN_POOL,200,10.6,10.32235548948022,10.87764451051978,0.22360679774997896,5.0,0.7687642369200687,0.0
Endothelial,MEAN_POOL,250,12.559999999999999,11.99371408920709,13.126285910792907,0.456070170039655,5.0,0.43090723036668555,0.0
Endothelial,NO_FILTER,50,0.8,-0.5601747613165113,2.1601747613165116,1.0954451150103324,5.0,1.0,0.0
Endothelial,NO_FILTER,100,7.2,5.581068215291297,8.818931784708703,1.3038404810405297,5.0,0.9265960298196575,0.0
Endothelial,NO_FILTER,150,10.0,8.56624991278798,11.43375008721202,1.1547005383792512,5.0,0.7581510282851397,0.0
Endothelial,NO_FILTER,200,9.9,9.62235548948022,10.17764451051978,0.22360679774997896,5.0,0.6768827629305494,0.0
Endothelial,NO_FILTER,250,9.36,8.606769324660624,10.113230675339375,0.6066300355241239,5.0,0.7633379786826806,0.0
Endothelial,NO_GRAPH,50,28.0,26.244021933829835,29.755978066170165,1.4142135623730951,5.0,0.0014742889068433632,1.0
Endothelial,NO_GRAPH,100,19.4,17.51692331165156,21.283076688348437,1.51657508881031,5.0,0.024025581200421232,1.0
Endothelial,NO_GRAPH,150,15.2,14.120712143527529,16.279287856472468,0.869226987360354,5.0,0.17143224243458607,0.2
Endothelial,NO_GRAPH,200,12.7,11.992142611508863,13.407857388491136,0.570087712549569,5.0,0.4276102867769791,0.0
Endothelial,NO_GRAPH,250,12.959999999999999,12.39371408920709,13.526285910792907,0.4560701700396547,5.0,0.3535638962848835,0.0
Endothelial,WILCOXON_FAIR,50,10.0,10.0,10.0,0.0,5.0,0.7271947561190307,0.0
Endothelial,WILCOXON_FAIR,100,11.0,11.0,11.0,0.0,5.0,0.6585740749122998,0.0
Endothelial,WILCOXON_FAIR,150,14.0,14.0,14.0,0.0,5.0,0.24155084922579723,0.0
Endothelial,WILCOXON_FAIR,200,13.5,13.5,13.5,0.0,5.0,0.26570645629176165,0.0
Endothelial,WILCOXON_FAIR,250,14.4,14.4,14.4,0.0,5.0,0.12172625534419124,0.0
IN-PV,CELLS_AS_NODES,50,16.8,12.288810667401922,21.31118933259808,3.63318042491699,5.0,0.0976787049093137,0.4
IN-PV,CELLS_AS_NODES,100,12.4,10.144405333700961,14.65559466629904,1.816590212458495,5.0,0.1519454674665177,0.0
IN-PV,CELLS_AS_NODES,150,13.866666666666669,11.288572969634524,16.444760363698812,2.076321533652991,5.0,0.02473185442518622,0.6
IN-PV,CELLS_AS_NODES,200,13.3,10.952302637294066,15.647697362705935,1.8907670401189036,5.0,0.05877594364462302,0.4
IN-PV,CELLS_AS_NODES,250,13.12,11.421142267621274,14.818857732378724,1.3682105101189652,5.0,0.018053873914152665,0.8
IN-PV,FULL,50,16.4,13.162136430582592,19.637863569417405,2.6076809620810595,5.0,0.0976787049093137,0.4
IN-PV,FULL,100,13.4,11.144405333700961,15.65559466629904,1.816590212458495,5.0,0.1519454674665177,0.2
IN-PV,FULL,150,11.599999999999998,10.48942195792088,12.710578042079115,0.8944271909999161,5.0,0.1788562111992407,0.0
IN-PV,FULL,200,12.0,10.683016450372376,13.316983549627624,1.0606601717798212,5.0,0.1355729963319321,0.2
IN-PV,FULL,250,13.520000000000001,12.234412971707204,14.805587028292798,1.0353743284435828,5.0,0.010721865768054666,0.6
IN-PV,MEAN_POOL,50,18.8,16.578843915841766,21.021156084158235,1.7888543819998317,5.0,0.04356645583061422,1.0
IN-PV,MEAN_POOL,100,16.2,15.64471097896044,16.75528902103956,0.4472135954999579,5.0,0.025151946476619128,1.0
IN-PV,MEAN_POOL,150,16.933333333333337,15.677948874434378,18.188717792232296,1.0110500592068736,5.0,0.003332561094665429,1.0
IN-PV,MEAN_POOL,200,18.0,17.561005483457457,18.438994516542543,0.3535533905932738,5.0,8.522665746543259e-05,1.0
IN-PV,MEAN_POOL,250,17.119999999999997,15.613538649321246,18.62646135067875,1.2132600710482486,5.0,0.00023624365497955445,1.0
IN-PV,NO_FILTER,50,15.2,12.368570446035456,18.031429553964543,2.2803508501982757,5.0,0.055096636401257934,0.2
IN-PV,NO_FILTER,100,9.8,8.761149366316433,10.838850633683569,0.8366600265340756,5.0,0.3334900231063274,0.0
IN-PV,NO_FILTER,150,8.8,7.720712143527532,9.87928785647247,0.8692269873603533,5.0,0.5028768627127076,0.0
IN-PV,NO_FILTER,200,9.3,8.012615366035462,10.58738463396454,1.0368220676663862,5.0,0.32427942551766414,0.0
IN-PV,NO_FILTER,250,9.84,8.09812640373396,11.581873596266039,1.4028542333400147,5.0,0.2766763020395123,0.2
IN-PV,NO_GRAPH,50,6.0,2.9585567724167294,9.04144322758327,2.449489742783178,5.0,0.8695127691993013,0.0
IN-PV,NO_GRAPH,100,8.0,6.479278386208365,9.520721613791636,1.224744871391589,5.0,0.7522093840365839,0.0
IN-PV,NO_GRAPH,150,10.4,8.163472410048897,12.636527589951104,1.8012341448141727,5.0,0.3546976556169609,0.0
IN-PV,NO_GRAPH,200,11.3,9.93982523868349,12.660174761316512,1.0954451150103324,5.0,0.26605295851388366,0.0
IN-PV,NO_GRAPH,250,12.8,11.152746560906238,14.447253439093764,1.32664991614216,5.0,0.0704175127800308,0.4
IN-PV,WILCOXON_FAIR,50,18.0,18.0,18.0,0.0,5.0,0.04356645583061422,1.0
IN-PV,WILCOXON_FAIR,100,17.0,17.0,17.0,0.0,5.0,0.012049442928884692,1.0
IN-PV,WILCOXON_FAIR,150,17.333333333333332,17.333333333333332,17.333333333333332,0.0,5.0,0.0015532194800539426,1.0
IN-PV,WILCOXON_FAIR,200,17.0,17.0,17.0,0.0,5.0,0.0004263708411717818,1.0
IN-PV,WILCOXON_FAIR,250,16.8,16.8,16.8,0.0,5.0,0.00011185836879304143,1.0
IN-SST,CELLS_AS_NODES,50,16.0,11.35411872922962,20.64588127077038,3.7416573867739413,5.0,0.151390514415284,0.2
IN-SST,CELLS_AS_NODES,100,17.0,15.479278386208364,18.520721613791636,1.224744871391589,5.0,0.0305414468826625,0.8
IN-SST,CELLS_AS_NODES,150,16.666666666666664,15.496014622553222,17.837318710780107,0.9428090415820625,5.0,0.006559467922683511,1.0
IN-SST,CELLS_AS_NODES,200,15.6,14.489421957920882,16.710578042079117,0.8944271909999159,5.0,0.016120891331073948,1.0
IN-SST,CELLS_AS_NODES,250,15.2,14.591711354483346,15.808288645516653,0.4898979485566353,5.0,0.011009889486565096,1.0
IN-SST,FULL,50,22.8,21.43982523868349,24.16017476131651,1.0954451150103324,5.0,0.013106347960539172,1.0
IN-SST,FULL,100,13.6,12.489421957920882,14.710578042079117,0.8944271909999159,5.0,0.25344232055388194,0.0
IN-SST,FULL,150,11.200000000000001,9.223711889955592,13.17628811004441,1.591644851508443,5.0,0.41748621907545813,0.0
IN-SST,FULL,200,10.3,9.592142611508864,11.007857388491137,0.570087712549569,5.0,0.5493094589659145,0.0
IN-SST,FULL,250,12.16,10.383075132673412,13.936924867326589,1.431083505599866,5.0,0.39937691300488526,0.2
IN-SST,MEAN_POOL,50,28.0,28.0,28.0,0.0,5.0,0.0004416035714082416,1.0
IN-SST,MEAN_POOL,100,24.0,22.758336001796238,25.241663998203762,1.0,5.0,6.873784746004863e-05,1.0
IN-SST,MEAN_POOL,150,22.666666666666664,21.357837892348293,23.975495440985036,1.05409255338946,5.0,7.740432065694158e-06,1.0
IN-SST,MEAN_POOL,200,20.3,19.089775636415467,21.510224363584534,0.9746794344808963,5.0,2.9823505337268767e-05,1.0
IN-SST,MEAN_POOL,250,17.92,16.634412971707206,19.205587028292797,1.0353743284435826,5.0,0.0002882769230161988,1.0
IN-SST,NO_FILTER,50,22.8,19.968570446035457,25.631429553964544,2.280350850198276,5.0,0.005524960067440906,1.0
IN-SST,NO_FILTER,100,14.2,11.508136597662098,16.8918634023379,2.16794833886788,5.0,0.04420374167025414,0.6
IN-SST,NO_FILTER,150,10.8,9.43982523868349,12.160174761316512,1.0954451150103321,5.0,0.23964581551517478,0.0
IN-SST,NO_FILTER,200,9.1,8.290534107645648,9.909465892354351,0.6519202405202649,5.0,0.6175838135320596,0.0
IN-SST,NO_FILTER,250,8.56,8.287965047736698,8.832034952263303,0.21908902300206665,5.0,0.7469852947134371,0.0
IN-SST,NO_GRAPH,50,4.0,4.0,4.0,0.0,5.0,0.9748839606922619,0.0
IN-SST,NO_GRAPH,100,4.8,4.244710978960441,5.3552890210395585,0.4472135954999579,5.0,0.985513949343642,0.0
IN-SST,NO_GRAPH,150,4.666666666666667,4.666666666666667,4.666666666666667,0.0,5.0,0.9974589220017195,0.0
IN-SST,NO_GRAPH,200,7.7,6.867066468440662,8.532933531559339,0.6708203932499369,5.0,0.9142669682271379,0.0
IN-SST,NO_GRAPH,250,8.319999999999999,7.034412971707202,9.605587028292796,1.0353743284435828,5.0,0.9012413440130648,0.0
IN-SST,WILCOXON_FAIR,50,14.0,14.0,14.0,0.0,5.0,0.27271388383531703,0.0
IN-SST,WILCOXON_FAIR,100,17.0,17.0,17.0,0.0,5.0,0.0305414468826625,1.0
IN-SST,WILCOXON_FAIR,150,16.666666666666668,16.666666666666668,16.666666666666668,0.0,5.0,0.01253374841703989,1.0
IN-SST,WILCOXON_FAIR,200,16.5,16.5,16.5,0.0,5.0,0.005103443480550242,1.0
IN-SST,WILCOXON_FAIR,250,16.0,16.0,16.0,0.0,5.0,0.003691787380895681,1.0
IN-SV2C,CELLS_AS_NODES,50,23.2,19.433846623303122,26.966153376696877,3.03315017762062,5.0,0.004952950167191282,1.0
IN-SV2C,CELLS_AS_NODES,100,22.4,18.613433718360547,26.18656628163945,3.0495901363953815,5.0,7.605266166305087e-05,1.0
IN-SV2C,CELLS_AS_NODES,150,20.666666666666664,18.725359871473227,22.6079734618601,1.5634719199411442,5.0,2.6651457812333758e-05,1.0
IN-SV2C,CELLS_AS_NODES,200,19.2,18.07220266685048,20.32779733314952,0.9082951062292475,5.0,2.832346343280703e-06,1.0
IN-SV2C,CELLS_AS_NODES,250,17.6,16.991711354483346,18.208288645516657,0.4898979485566353,5.0,1.0791765225118682e-05,1.0
IN-SV2C,FULL,50,19.6,16.87965047736698,22.320349522633023,2.1908902300206647,5.0,0.037256193009845784,1.0
IN-SV2C,FULL,100,15.6,12.879650477366978,18.320349522633023,2.1908902300206643,5.0,0.009171066641470616,0.8
IN-SV2C,FULL,150,14.533333333333331,10.377930798599062,18.688735868067603,3.3466401061363014,5.0,0.03348192777641712,0.8
IN-SV2C,FULL,200,12.9,10.28807485393887,15.511925146061131,2.103568396796263,5.0,0.04392373889660012,0.6
IN-SV2C,FULL,250,12.48,11.057766164240498,13.902233835759503,1.1454256850621083,5.0,0.05139893250748824,0.4
IN-SV2C,MEAN_POOL,50,24.0,24.0,24.0,0.0,5.0,0.0015338700542722602,1.0
IN-SV2C,MEAN_POOL,100,18.2,17.64471097896044,18.75528902103956,0.4472135954999579,5.0,0.0039888965789001835,1.0
IN-SV2C,MEAN_POOL,150,19.2,18.507432910877622,19.892567089122377,0.5577733510227163,5.0,7.082175100401457e-05,1.0
IN-SV2C,MEAN_POOL,200,17.6,17.08057468315822,18.119425316841784,0.4183300132670378,5.0,0.00010834024019233874,1.0
IN-SV2C,MEAN_POOL,250,16.96,16.515768783168355,17.404231216831647,0.35777087639996646,5.0,2.511702956963712e-05,1.0
IN-SV2C,NO_FILTER,50,25.2,23.83982523868349,26.56017476131651,1.0954451150103321,5.0,0.00010984586994030393,1.0
IN-SV2C,NO_FILTER,100,18.2,16.581068215291296,19.818931784708703,1.3038404810405297,5.0,0.0008610186505848545,1.0
IN-SV2C,NO_FILTER,150,16.4,13.94441955601069,18.855580443989307,1.9776529298921768,5.0,0.00030258140213104424,1.0
IN-SV2C,NO_FILTER,200,14.3,11.368252760600411,17.23174723939959,2.361143790623519,5.0,0.0047226660534421625,0.8
IN-SV2C,NO_FILTER,250,12.8,10.578843915841766,15.021156084158235,1.7888543819998315,5.0,0.009038420301823195,0.8
IN-SV2C,NO_GRAPH,50,3.2,1.839825238683489,4.560174761316511,1.0954451150103321,5.0,0.9540355830136468,0.0
IN-SV2C,NO_GRAPH,100,5.0,5.0,5.0,0.0,5.0,0.962748943457598,0.0
IN-SV2C,NO_GRAPH,150,5.333333333333334,4.16268128921989,6.503985377446778,0.9428090415820634,5.0,0.9479304492932201,0.0
IN-SV2C,NO_GRAPH,200,6.6,4.877261117424331,8.322738882575667,1.3874436925511606,5.0,0.9020076346231449,0.0
IN-SV2C,NO_GRAPH,250,7.2,5.6691738124980535,8.730826187501947,1.2328828005937955,5.0,0.9051757044610129,0.0
IN-SV2C,WILCOXON_FAIR,50,16.0,16.0,16.0,0.0,5.0,0.08596155271028082,0.0
IN-SV2C,WILCOXON_FAIR,100,22.0,22.0,22.0,0.0,5.0,7.605266166305087e-05,1.0
IN-SV2C,WILCOXON_FAIR,150,20.0,20.0,20.0,0.0,5.0,2.6651457812333758e-05,1.0
IN-SV2C,WILCOXON_FAIR,200,18.5,18.5,18.5,0.0,5.0,1.8812124578637525e-05,1.0
IN-SV2C,WILCOXON_FAIR,250,16.8,16.8,16.8,0.0,5.0,5.667679392218661e-05,1.0
IN-VIP,CELLS_AS_NODES,50,20.8,18.578843915841766,23.021156084158235,1.7888543819998317,5.0,0.006480999128307696,1.0
IN-VIP,CELLS_AS_NODES,100,14.8,12.578843915841766,17.021156084158235,1.7888543819998317,5.0,0.05166812386231714,0.4
IN-VIP,CELLS_AS_NODES,150,13.6,11.883487154713949,15.31651284528605,1.3824294235551815,5.0,0.07788518777145594,0.4
IN-VIP,CELLS_AS_NODES,200,14.1,13.290534107645648,14.909465892354351,0.6519202405202649,5.0,0.023599396263248345,1.0
IN-VIP,CELLS_AS_NODES,250,13.76,13.193714089207091,14.326285910792908,0.4560701700396556,5.0,0.019903933544830988,1.0
IN-VIP,FULL,50,6.0,2.0735136770448857,9.926486322955114,3.1622776601683795,5.0,0.8726728862460077,0.0
IN-VIP,FULL,100,5.2,2.9788439158417654,7.421156084158235,1.7888543819998317,5.0,0.9705542308585967,0.0
IN-VIP,FULL,150,7.6,6.656190148678485,8.543809851321514,0.7601169500660918,5.0,0.8686442762752851,0.0
IN-VIP,FULL,200,10.8,9.370737404506489,12.229262595493513,1.151086443322134,5.0,0.27731197486807213,0.0
IN-VIP,FULL,250,11.84,10.593379239579718,13.086620760420281,1.0039920318408908,5.0,0.1563453504993127,0.2
IN-VIP,MEAN_POOL,50,20.4,17.162136430582592,23.637863569417405,2.6076809620810595,5.0,0.01810353700195589,1.0
IN-VIP,MEAN_POOL,100,23.6,21.934132936881326,25.265867063118677,1.3416407864998738,5.0,4.331840649057753e-05,1.0
IN-VIP,MEAN_POOL,150,21.200000000000003,18.758411581268586,23.64158841873142,1.9663841605003505,5.0,1.999431738976713e-05,1.0
IN-VIP,MEAN_POOL,200,18.6,15.188247135637322,22.01175286436268,2.7477263328068173,5.0,0.00022346389876197516,1.0
IN-VIP,MEAN_POOL,250,16.240000000000002,13.621295597672685,18.85870440232732,2.109028212234251,5.0,0.0020966908985693244,1.0
IN-VIP,NO_FILTER,50,2.4,1.2894219579208823,3.5105780420791177,0.8944271909999161,5.0,0.9915608673772585,0.0
IN-VIP,NO_FILTER,100,2.6,1.9199126193417446,3.2800873806582556,0.5477225575051661,5.0,0.9958394172444462,0.0
IN-VIP,NO_FILTER,150,4.133333333333334,2.773158572016823,5.493508094649845,1.0954451150103321,5.0,0.9951641602212573,0.0
IN-VIP,NO_FILTER,200,7.3,6.17220266685048,8.42779733314952,0.9082951062292475,5.0,0.8175756032218127,0.0
IN-VIP,NO_FILTER,250,9.600000000000001,8.489421957920884,10.710578042079119,0.8944271909999161,5.0,0.406634036640387,0.0
IN-VIP,NO_GRAPH,50,0.0,0.0,0.0,0.0,5.0,1.0,0.0
IN-VIP,NO_GRAPH,100,2.2,1.6447109789604415,2.755289021039559,0.4472135954999579,5.0,0.9995841892669305,0.0
IN-VIP,NO_GRAPH,150,5.866666666666667,4.95988349245566,6.773449840877674,0.7302967433402214,5.0,0.9606725173145383,0.0
IN-VIP,NO_GRAPH,200,7.2,6.6447109789604415,7.755289021039559,0.4472135954999579,5.0,0.9267314318969344,0.0
IN-VIP,NO_GRAPH,250,7.279999999999999,6.463895143210093,8.096104856789905,0.6572670690061992,5.0,0.8941920196688573,0.0
IN-VIP,WILCOXON_FAIR,50,12.0,12.0,12.0,0.0,5.0,0.34656818500943815,0.0
IN-VIP,WILCOXON_FAIR,100,9.0,9.0,9.0,0.0,5.0,0.6335026836969265,0.0
IN-VIP,WILCOXON_FAIR,150,8.0,8.0,8.0,0.0,5.0,0.7921238441558743,0.0
IN-VIP,WILCOXON_FAIR,200,10.0,10.0,10.0,0.0,5.0,0.4587957744820059,0.0
IN-VIP,WILCOXON_FAIR,250,10.8,10.8,10.8,0.0,5.0,0.2817295286567021,0.0
L2/3,CELLS_AS_NODES,50,17.6,14.362136430582595,20.837863569417408,2.6076809620810595,5.0,0.037256193009845784,0.6
L2/3,CELLS_AS_NODES,100,14.8,11.708281577585176,17.891718422414826,2.4899799195977463,5.0,0.0744287938037106,0.4
L2/3,CELLS_AS_NODES,150,13.333333333333334,12.31951892413891,14.347147742527758,0.816496580927726,5.0,0.05802758572072877,0.2
L2/3,CELLS_AS_NODES,200,12.2,10.770737404506487,13.629262595493511,1.151086443322134,5.0,0.10748992386490584,0.2
L2/3,CELLS_AS_NODES,250,11.440000000000001,8.892923701475754,13.987076298524249,2.051341024793294,5.0,0.16138459476461062,0.2
L2/3,FULL,50,19.6,15.519475716050469,23.680524283949534,3.2863353450309964,5.0,0.014365945631051261,0.8
L2/3,FULL,100,15.8,14.43982523868349,17.16017476131651,1.0954451150103324,5.0,0.039680098280624035,1.0
L2/3,FULL,150,14.266666666666666,12.762936889133972,15.77039644419936,1.2110601416389968,5.0,0.03348192777641712,0.8
L2/3,FULL,200,14.6,13.579868929012616,15.620131070987384,0.8215838362577491,5.0,0.00844659615551294,1.0
L2/3,FULL,250,14.319999999999999,13.302138411403318,15.33786158859668,0.8197560612767677,5.0,0.006891895010809606,1.0
L2/3,MEAN_POOL,50,28.0,25.516672003592472,30.483327996407528,2.0,5.0,0.00010835534180990139,1.0
L2/3,MEAN_POOL,100,20.2,19.64471097896044,20.75528902103956,0.4472135954999579,5.0,0.0006227595261774785,1.0
L2/3,MEAN_POOL,150,19.866666666666667,18.7873788101942,20.945954523139136,0.8692269873603532,5.0,7.082175100401457e-05,1.0
L2/3,MEAN_POOL,200,19.1,18.58057468315822,19.619425316841784,0.4183300132670378,5.0,7.429005968651566e-06,1.0
L2/3,MEAN_POOL,250,18.240000000000002,17.151860190946792,19.328139809053212,0.8763560920082665,5.0,4.497028955073336e-06,1.0
L2/3,NO_FILTER,50,16.8,15.43982523868349,18.16017476131651,1.0954451150103321,5.0,0.025713184020816304,1.0
L2/3,NO_FILTER,100,15.6,14.919912619341744,16.280087380658255,0.5477225575051662,5.0,0.0019037087366088087,1.0
L2/3,NO_FILTER,150,12.133333333333333,10.773158572016822,13.493508094649844,1.0954451150103324,5.0,0.010861444076067275,0.8
L2/3,NO_FILTER,200,11.3,9.167372048601937,13.432627951398064,1.7175564037317668,5.0,0.029773160730114108,0.6
L2/3,NO_FILTER,250,10.719999999999999,9.903895143210093,11.536104856789905,0.657267069006199,5.0,0.03560416851958104,0.8
L2/3,NO_GRAPH,50,2.0,2.0,2.0,0.0,5.0,0.9925865632894152,0.0
L2/3,NO_GRAPH,100,4.6,3.184285223017728,6.015714776982271,1.1401754250991378,5.0,0.962748943457598,0.0
L2/3,NO_GRAPH,150,6.133333333333333,5.226550159122326,7.04011650754434,0.7302967433402214,5.0,0.9479304492932201,0.0
L2/3,NO_GRAPH,200,5.5,3.917182760958343,7.082817239041657,1.2747548783981961,5.0,0.9927849896817118,0.0
L2/3,NO_GRAPH,250,4.960000000000001,3.71337923957972,6.206620760420282,1.0039920318408906,5.0,0.9991733436620627,0.0
L2/3,WILCOXON_FAIR,50,20.0,20.0,20.0,0.0,5.0,0.014365945631051261,1.0
L2/3,WILCOXON_FAIR,100,20.0,20.0,20.0,0.0,5.0,0.0006227595261774785,1.0
L2/3,WILCOXON_FAIR,150,18.0,18.0,18.0,0.0,5.0,0.00043764396332958666,1.0
L2/3,WILCOXON_FAIR,200,16.0,16.0,16.0,0.0,5.0,0.0011360476502389402,1.0
L2/3,WILCOXON_FAIR,250,18.0,18.0,18.0,0.0,5.0,4.497028955073336e-06,1.0
L4,CELLS_AS_NODES,50,22.0,18.48804386765967,25.51195613234033,2.8284271247461903,5.0,0.002872738470584315,0.8
L4,CELLS_AS_NODES,100,18.0,15.223554894802206,20.776445105197794,2.23606797749979,5.0,0.00857785936892201,0.8
L4,CELLS_AS_NODES,150,17.200000000000003,14.136110392417699,20.263889607582307,2.467567403109567,5.0,0.006019882303031934,1.0
L4,CELLS_AS_NODES,200,17.8,16.011400357764945,19.588599642235057,1.4404860290887933,5.0,0.0009756135334112633,1.0
L4,CELLS_AS_NODES,250,17.28,16.735930095473396,17.824069904526606,0.4381780460041328,5.0,0.00015065453100034752,1.0
L4,FULL,50,22.8,20.578843915841766,25.021156084158235,1.7888543819998317,5.0,0.002872738470584315,1.0
L4,FULL,100,21.4,18.979551272830932,23.820448727169065,1.949358868961793,5.0,0.00022679539925549188,1.0
L4,FULL,150,18.53333333333333,17.454045476860863,19.6126211898058,0.8692269873603531,5.0,0.0006183178934491845,1.0
L4,FULL,200,17.8,16.37073740450649,19.229262595493513,1.1510864433221337,5.0,0.00046826251808417603,1.0
L4,FULL,250,18.240000000000002,17.21009229282837,19.269907707171633,0.8294576541331087,5.0,1.433340005138231e-05,1.0
L4,MEAN_POOL,50,32.8,31.439825238683486,34.16017476131651,1.0954451150103321,5.0,1.3495268272624371e-05,1.0
L4,MEAN_POOL,100,27.2,25.83982523868349,28.56017476131651,1.0954451150103324,5.0,6.627293109994023e-07,1.0
L4,MEAN_POOL,150,26.4,24.163472410048897,28.6365275899511,1.8012341448141722,5.0,5.585365731657353e-09,1.0
L4,MEAN_POOL,200,24.0,22.758336001796238,25.241663998203762,1.0,5.0,4.803400735787697e-09,1.0
L4,MEAN_POOL,250,21.119999999999997,20.164644644760006,22.07535535523999,0.7694153624668534,5.0,5.9144112706749785e-08,1.0
L4,NO_FILTER,50,16.0,14.244021933829835,17.755978066170165,1.4142135623730951,5.0,0.061718073191739976,0.2
L4,NO_FILTER,100,21.2,18.655346028508298,23.7446539714917,2.0493901531919194,5.0,8.032178019974184e-05,1.0
L4,NO_FILTER,150,17.333333333333332,14.18125623865344,20.485410428013225,2.5385910352879697,5.0,0.0018471348378183438,1.0
L4,NO_FILTER,200,14.9,13.016923311651562,16.783076688348437,1.51657508881031,5.0,0.0014880922510413152,1.0
L4,NO_FILTER,250,14.88,13.594412971707204,16.165587028292798,1.035374328443583,5.0,0.0002536364817694896,1.0
L4,NO_GRAPH,50,6.0,6.0,6.0,0.0,5.0,0.8889048686545206,0.0
L4,NO_GRAPH,100,9.8,5.5528556690531845,14.047144330946818,3.420526275297414,5.0,0.6789503140853657,0.0
L4,NO_GRAPH,150,11.866666666666667,8.69292555692814,15.040407776405194,2.556038601690776,5.0,0.3225766374164519,0.2
L4,NO_GRAPH,200,12.5,8.176405430804282,16.82359456919572,3.48209706929603,5.0,0.2597172637820986,0.4
L4,NO_GRAPH,250,11.440000000000001,7.664034656931003,15.215965343069,3.0410524493997135,5.0,0.43929743089357104,0.4
L4,WILCOXON_FAIR,50,18.0,18.0,18.0,0.0,5.0,0.055324859263610776,0.0
L4,WILCOXON_FAIR,100,25.0,25.0,25.0,0.0,5.0,8.060588384528935e-06,1.0
L4,WILCOXON_FAIR,150,24.0,24.0,24.0,0.0,5.0,2.1467427125302948e-07,1.0
L4,WILCOXON_FAIR,200,22.0,22.0,22.0,0.0,5.0,1.324599136477995e-07,1.0
L4,WILCOXON_FAIR,250,22.0,22.0,22.0,0.0,5.0,2.604198715521721e-09,1.0
L5/6,CELLS_AS_NODES,50,16.4,14.322298732632863,18.477701267367134,1.6733200530681511,5.0,0.08455995962537621,0.4
L5/6,CELLS_AS_NODES,100,17.6,14.245208615073347,20.954791384926658,2.701851217221259,5.0,0.0038359352887521263,0.8
L5/6,CELLS_AS_NODES,150,18.4,17.14461554110104,19.655384458898958,1.0110500592068739,5.0,0.0004126266707678553,1.0
L5/6,CELLS_AS_NODES,200,19.4,17.23152705169563,21.56847294830437,1.7464249196572978,5.0,1.7297105195294066e-05,1.0
L5/6,CELLS_AS_NODES,250,18.08,16.794412971707203,19.365587028292794,1.0353743284435826,5.0,1.6352780898726852e-06,1.0
L5/6,FULL,50,30.0,27.516672003592472,32.483327996407525,2.0,5.0,2.3826822438129168e-05,1.0
L5/6,FULL,100,30.0,29.122010966914917,30.877989033085083,0.7071067811865476,5.0,1.6334286960493627e-09,1.0
L5/6,FULL,150,23.6,22.214865821755243,24.98513417824476,1.1155467020454348,5.0,9.683159525068564e-08,1.0
L5/6,FULL,200,19.7,17.858314667008017,21.54168533299198,1.4832396974191324,5.0,2.5813229314580687e-06,1.0
L5/6,FULL,250,17.439999999999998,15.31533910225026,19.564660897749736,1.7111399708965953,5.0,0.0001140299383656997,1.0
L5/6,MEAN_POOL,50,22.0,22.0,22.0,0.0,5.0,0.004817662824593761,1.0
L5/6,MEAN_POOL,100,22.2,20.358314667008017,24.04168533299198,1.4832396974191324,5.0,7.195922378433725e-05,1.0
L5/6,MEAN_POOL,150,20.4,19.14461554110104,21.655384458898958,1.0110500592068739,5.0,2.4811690445266695e-05,1.0
L5/6,MEAN_POOL,200,20.2,19.85995630967087,20.540043690329128,0.27386127875258304,5.0,9.463294033256506e-07,1.0
L5/6,MEAN_POOL,250,20.159999999999997,19.328919493053142,20.99108050694685,0.6693280212272594,5.0,3.18847616105296e-08,1.0
L5/6,NO_FILTER,50,29.6,27.522298732632866,31.677701267367137,1.6733200530681511,5.0,1.8783564351857852e-06,1.0
L5/6,NO_FILTER,100,26.0,25.122010966914917,26.877989033085083,0.7071067811865476,5.0,7.499223280133408e-09,1.0
L5/6,NO_FILTER,150,22.933333333333334,21.98952348201182,23.877143184654848,0.7601169500660917,5.0,1.5692167959062824e-09,1.0
L5/6,NO_FILTER,200,20.5,18.586467265622566,22.413532734377434,1.541103500742244,5.0,4.749055071305354e-11,1.0
L5/6,NO_FILTER,250,17.839999999999996,16.28519074108923,19.39480925891076,1.2521980673998818,5.0,2.388723945334713e-09,1.0
L5/6,NO_GRAPH,50,5.6,4.489421957920882,6.710578042079117,0.8944271909999157,5.0,0.8544517928123818,0.0
L5/6,NO_GRAPH,100,6.8,5.181068215291297,8.418931784708704,1.3038404810405297,5.0,0.9123411301207146,0.0
L5/6,NO_GRAPH,150,9.333333333333334,6.526208345338471,12.140458321328197,2.260776661041756,5.0,0.41207765739181423,0.0
L5/6,NO_GRAPH,200,9.3,5.771619976984409,12.828380023015592,2.8416544476765644,5.0,0.4846826761444706,0.2
L5/6,NO_GRAPH,250,9.2,5.635753803151731,12.764246196848267,2.8705400188814645,5.0,0.6324409963626644,0.2
L5/6,WILCOXON_FAIR,50,6.0,6.0,6.0,0.0,5.0,0.8544517928123818,0.0
L5/6,WILCOXON_FAIR,100,15.0,15.0,15.0,0.0,5.0,0.03860391570019526,1.0
L5/6,WILCOXON_FAIR,150,14.0,14.0,14.0,0.0,5.0,0.03233986382525331,1.0
L5/6,WILCOXON_FAIR,200,16.0,16.0,16.0,0.0,5.0,0.0010673074825730822,1.0
L5/6,WILCOXON_FAIR,250,15.6,15.6,15.6,0.0,5.0,0.0005002051802222499,1.0
L5/6-CC,CELLS_AS_NODES,50,25.2,18.04560143105978,32.35439856894022,5.761944116355173,5.0,0.004067051704691255,1.0
L5/6-CC,CELLS_AS_NODES,100,24.6,21.741474809012978,27.458525190987025,2.302172886644268,5.0,1.2950353104121043e-06,1.0
L5/6-CC,CELLS_AS_NODES,150,23.06666666666667,20.988965399299534,25.144367934033806,1.6733200530681511,5.0,1.5535816684139686e-08,1.0
L5/6-CC,CELLS_AS_NODES,200,22.0,20.611777447401103,23.388222552598897,1.118033988749895,5.0,6.0067275576721445e-09,1.0
L5/6-CC,CELLS_AS_NODES,250,20.48,19.52464464476001,21.43535535523999,0.7694153624668542,5.0,1.645346878687323e-09,1.0
L5/6-CC,FULL,50,17.6,16.489421957920882,18.71057804207912,0.8944271909999159,5.0,0.032284972232820806,0.8
L5/6-CC,FULL,100,20.0,18.758336001796238,21.241663998203762,1.0,5.0,0.000445048836318976,1.0
L5/6-CC,FULL,150,16.933333333333334,15.216820488047283,18.649846178619384,1.3824294235551808,5.0,0.001567831835979294,1.0
L5/6-CC,FULL,200,15.1,13.434132936881323,16.765867063118677,1.3416407864998738,5.0,0.0058999678681137405,1.0
L5/6-CC,FULL,250,14.719999999999999,13.341808893939465,16.098191106060533,1.1099549540409281,5.0,0.0006465349359499154,1.0
L5/6-CC,MEAN_POOL,50,20.0,20.0,20.0,0.0,5.0,0.012121816328234192,1.0
L5/6-CC,MEAN_POOL,100,20.2,19.64471097896044,20.75528902103956,0.4472135954999579,5.0,0.000445048836318976,1.0
L5/6-CC,MEAN_POOL,150,17.6,16.489421957920886,18.710578042079117,0.8944271909999156,5.0,0.0002874161795857463,1.0
L5/6-CC,MEAN_POOL,200,16.3,15.592142611508866,17.007857388491136,0.5700877125495689,5.0,0.0003343929649934848,1.0
L5/6-CC,MEAN_POOL,250,16.32,15.904459746526573,16.735540253473427,0.3346640106136303,5.0,6.81861104156916e-05,1.0
L5/6-CC,NO_FILTER,50,18.8,17.43982523868349,20.16017476131651,1.0954451150103321,5.0,0.011524097843573906,1.0
L5/6-CC,NO_FILTER,100,14.4,13.289421957920883,15.510578042079118,0.8944271909999159,5.0,0.007528416599573638,1.0
L5/6-CC,NO_FILTER,150,14.533333333333335,12.941074407933348,16.125592258733324,1.2823589374447566,5.0,0.003908305561307276,1.0
L5/6-CC,NO_FILTER,200,14.1,12.754068298831049,15.44593170116895,1.08397416943394,5.0,0.0008666112717050266,1.0
L5/6-CC,NO_FILTER,250,12.8,11.19061951861861,14.409380481381392,1.296148139681572,5.0,0.0017627160937509175,1.0
L5/6-CC,NO_GRAPH,50,3.6,1.5222987326328647,5.677701267367135,1.6733200530681511,5.0,0.948892864751084,0.0
L5/6-CC,NO_GRAPH,100,5.4,3.9842852230177286,6.815714776982272,1.1401754250991378,5.0,0.9562188770441866,0.0
L5/6-CC,NO_GRAPH,150,7.2,5.22371188995559,9.17628811004441,1.5916448515084431,5.0,0.811827298426218,0.0
L5/6-CC,NO_GRAPH,200,7.4,5.276427834526592,9.523572165473409,1.710263137648707,5.0,0.8809781404829139,0.0
L5/6-CC,NO_GRAPH,250,7.6,5.708753743192064,9.491246256807935,1.5231546211727816,5.0,0.7571960700003745,0.0
L5/6-CC,WILCOXON_FAIR,50,18.0,18.0,18.0,0.0,5.0,0.032284972232820806,1.0
L5/6-CC,WILCOXON_FAIR,100,18.0,18.0,18.0,0.0,5.0,0.0030174425051234313,1.0
L5/6-CC,WILCOXON_FAIR,150,14.666666666666666,14.666666666666666,14.666666666666666,0.0,5.0,0.01392398135719575,1.0
L5/6-CC,WILCOXON_FAIR,200,16.0,16.0,16.0,0.0,5.0,0.0007264734097006042,1.0
L5/6-CC,WILCOXON_FAIR,250,14.0,14.0,14.0,0.0,5.0,0.004555356625785914,1.0
Microglia,CELLS_AS_NODES,50,10.8,7.968570446035457,13.631429553964544,2.2803508501982757,5.0,0.8268060065017638,0.0
Microglia,CELLS_AS_NODES,100,10.8,8.411611611900021,13.18838838809998,1.9235384061671346,5.0,0.8149369752036888,0.0
Microglia,CELLS_AS_NODES,150,10.266666666666667,8.273118070739732,12.260215262593603,1.6055459438389728,5.0,0.8826235071641846,0.0
Microglia,CELLS_AS_NODES,200,11.2,9.989775636415466,12.410224363584533,0.9746794344808964,5.0,0.8356395454244774,0.0
Microglia,CELLS_AS_NODES,250,10.64,9.737762133480384,11.542237866519617,0.726636084983398,5.0,0.9249031567038482,0.0
Microglia,FULL,50,8.4,4.319475716050466,12.480524283949535,3.286335345030997,5.0,0.8268060065017638,0.0
Microglia,FULL,100,11.0,6.976548796546521,15.02345120345348,3.24037034920393,5.0,0.6086412113203448,0.0
Microglia,FULL,150,11.466666666666665,10.559883492455658,12.373449840877672,0.7302967433402219,5.0,0.748932128844435,0.0
Microglia,FULL,200,13.3,11.681068215291297,14.918931784708704,1.3038404810405297,5.0,0.5393505732683471,0.0
Microglia,FULL,250,14.719999999999999,12.48776576191138,16.952234238088618,1.7977764043395386,5.0,0.4411884842061536,0.0
Microglia,MEAN_POOL,50,4.8,3.439825238683489,6.160174761316511,1.0954451150103321,5.0,0.9941460411919164,0.0
Microglia,MEAN_POOL,100,7.8,7.244710978960441,8.355289021039559,0.44721359549995787,5.0,0.970794240736442,0.0
Microglia,MEAN_POOL,150,8.533333333333333,8.163140652640294,8.903526014026372,0.2981423969999717,5.0,0.977212821901894,0.0
Microglia,MEAN_POOL,200,8.6,7.790534107645648,9.409465892354351,0.6519202405202649,5.0,0.9912694864924049,0.0
Microglia,MEAN_POOL,250,9.12,8.472427286116519,9.76757271388348,0.5215361924162115,5.0,0.9936835284769785,0.0
Microglia,NO_FILTER,50,10.0,6.073513677044886,13.926486322955114,3.1622776601683795,5.0,0.8016903632751518,0.0
Microglia,NO_FILTER,100,10.6,7.483448098949296,13.716551901050703,2.5099800796022267,5.0,0.6717770791619586,0.0
Microglia,NO_FILTER,150,10.266666666666666,8.108090953721728,12.425242379611603,1.7384539747207066,5.0,0.9011440046286338,0.0
Microglia,NO_FILTER,200,11.5,10.338529682307405,12.661470317692595,0.9354143466934853,5.0,0.7823785634798639,0.0
Microglia,NO_FILTER,250,12.4,10.869173812498055,13.930826187501946,1.232882800593795,5.0,0.6583036317569808,0.0
Microglia,NO_GRAPH,50,6.0,6.0,6.0,0.0,5.0,0.9738730773429142,0.0
Microglia,NO_GRAPH,100,10.4,9.719912619341745,11.080087380658256,0.5477225575051662,5.0,0.8884709324919176,0.0
Microglia,NO_GRAPH,150,9.6,8.656190148678485,10.543809851321514,0.7601169500660918,5.0,0.9576129004298697,0.0
Microglia,NO_GRAPH,200,11.0,10.239639193104182,11.760360806895818,0.6123724356957945,5.0,0.885396092167739,0.0
Microglia,NO_GRAPH,250,11.84,11.27371408920709,12.40628591079291,0.4560701700396556,5.0,0.7970118206438804,0.0
Microglia,WILCOXON_FAIR,50,20.0,20.0,20.0,0.0,5.0,0.12906422080728314,0.0
Microglia,WILCOXON_FAIR,100,15.0,15.0,15.0,0.0,5.0,0.3751730393876842,0.0
Microglia,WILCOXON_FAIR,150,15.333333333333334,15.333333333333334,15.333333333333334,0.0,5.0,0.2885636791225624,0.0
Microglia,WILCOXON_FAIR,200,15.5,15.5,15.5,0.0,5.0,0.22812447326023183,0.0
Microglia,WILCOXON_FAIR,250,15.2,15.2,15.2,0.0,5.0,0.23643902238492032,0.0
Neu-NRGN-I,CELLS_AS_NODES,50,13.6,10.362136430582593,16.837863569417408,2.6076809620810595,5.0,0.5788546641833727,0.0
Neu-NRGN-I,CELLS_AS_NODES,100,9.6,8.489421957920882,10.710578042079117,0.8944271909999159,5.0,0.958584467115393,0.0
Neu-NRGN-I,CELLS_AS_NODES,150,11.599999999999998,10.344615541101039,12.855384458898957,1.0110500592068734,5.0,0.877490689761116,0.0
Neu-NRGN-I,CELLS_AS_NODES,200,12.6,11.679157333504008,13.52084266649599,0.7416198487095662,5.0,0.7912121658945872,0.0
Neu-NRGN-I,CELLS_AS_NODES,250,11.68,10.863895143210092,12.496104856789907,0.6572670690061999,5.0,0.9100602038620769,0.0
Neu-NRGN-I,FULL,50,8.4,3.0162731953241995,13.783726804675801,4.33589667773576,5.0,0.858324277805191,0.0
Neu-NRGN-I,FULL,100,7.2,5.839825238683489,8.560174761316512,1.0954451150103321,5.0,0.9923781744622759,0.0
Neu-NRGN-I,FULL,150,10.133333333333335,8.436897352338866,11.829769314327804,1.3662601021279468,5.0,0.953933703785919,0.0
Neu-NRGN-I,FULL,200,12.2,9.935877535170068,14.46412246482993,1.823458252881047,5.0,0.8483748121485628,0.0
Neu-NRGN-I,FULL,250,13.280000000000001,11.441666235450619,15.118333764549384,1.4805404418657397,5.0,0.6413519904555918,0.0
Neu-NRGN-I,MEAN_POOL,50,15.6,6.750149277568793,24.449850722431208,7.127411872482185,5.0,0.5788546641833727,0.2
Neu-NRGN-I,MEAN_POOL,100,13.2,8.43938833539221,17.96061166460779,3.8340579025361627,5.0,0.6808025133476349,0.0
Neu-NRGN-I,MEAN_POOL,150,11.333333333333334,7.821377200993003,14.845289465673666,2.8284271247461903,5.0,0.877490689761116,0.0
Neu-NRGN-I,MEAN_POOL,200,9.3,6.434740935863169,12.165259064136833,2.307596151842865,5.0,0.9917978408487191,0.0
Neu-NRGN-I,MEAN_POOL,250,9.440000000000001,7.663075132673413,11.21692486732659,1.4310835055998659,5.0,0.9910029689055814,0.0
Neu-NRGN-I,NO_FILTER,50,8.0,1.668731043833371,14.331268956166628,5.0990195135927845,5.0,0.9796118524743062,0.0
Neu-NRGN-I,NO_FILTER,100,6.8,3.5860324292680095,10.01396757073199,2.588435821108957,5.0,0.997178630183501,0.0
Neu-NRGN-I,NO_FILTER,150,7.2,5.22371188995559,9.17628811004441,1.591644851508443,5.0,0.9988633723202517,0.0
Neu-NRGN-I,NO_FILTER,200,10.3,9.592142611508866,11.007857388491136,0.5700877125495689,5.0,0.9516683837396741,0.0
Neu-NRGN-I,NO_FILTER,250,12.08,10.455364386284318,13.704635613715682,1.3084341787036897,5.0,0.9023829983444261,0.0
Neu-NRGN-I,NO_GRAPH,50,8.8,5.033846623303125,12.566153376696876,3.03315017762062,5.0,0.9393051140256521,0.0
Neu-NRGN-I,NO_GRAPH,100,7.8,6.439825238683489,9.160174761316512,1.0954451150103321,5.0,0.9923781744622759,0.0
Neu-NRGN-I,NO_GRAPH,150,10.933333333333334,8.774757620388396,13.091909046278271,1.7384539747207066,5.0,0.818083547578039,0.0
Neu-NRGN-I,NO_GRAPH,200,12.1,10.617783917466692,13.582216082533307,1.1937336386313322,5.0,0.8483748121485628,0.0
Neu-NRGN-I,NO_GRAPH,250,12.959999999999999,11.017281858349556,14.902718141650443,1.5646085772486356,5.0,0.8732741048047172,0.0
Neu-NRGN-I,WILCOXON_FAIR,50,20.0,20.0,20.0,0.0,5.0,0.16222365392212054,0.0
Neu-NRGN-I,WILCOXON_FAIR,100,22.0,22.0,22.0,0.0,5.0,0.020869344016236895,1.0
Neu-NRGN-I,WILCOXON_FAIR,150,18.0,18.0,18.0,0.0,5.0,0.10819487730412625,0.0
Neu-NRGN-I,WILCOXON_FAIR,200,18.0,18.0,18.0,0.0,5.0,0.0713213547099528,0.0
Neu-NRGN-I,WILCOXON_FAIR,250,17.2,17.2,17.2,0.0,5.0,0.09469754652961877,0.0
Neu-NRGN-II,CELLS_AS_NODES,50,11.6,9.522298732632864,13.677701267367135,1.6733200530681511,5.0,0.8150900149563849,0.0
Neu-NRGN-II,CELLS_AS_NODES,100,14.6,12.934132936881323,16.265867063118677,1.3416407864998738,5.0,0.7150805225954504,0.0
Neu-NRGN-II,CELLS_AS_NODES,150,12.8,12.107432910877622,13.49256708912238,0.5577733510227174,5.0,0.8727678009559204,0.0
Neu-NRGN-II,CELLS_AS_NODES,200,12.7,11.41261536603546,13.987384633964538,1.0368220676663862,5.0,0.9147734847473326,0.0
Neu-NRGN-II,CELLS_AS_NODES,250,12.24,10.809120286211957,13.670879713788043,1.1523888232710342,5.0,0.9423984186925309,0.0
Neu-NRGN-II,FULL,50,11.6,8.362136430582593,14.837863569417406,2.6076809620810595,5.0,0.8150900149563849,0.0
Neu-NRGN-II,FULL,100,12.2,11.161149366316431,13.238850633683567,0.8366600265340756,5.0,0.8773296987316851,0.0
Neu-NRGN-II,FULL,150,15.733333333333334,14.348199155088578,17.118467511578093,1.1155467020454344,5.0,0.4812507365688781,0.0
Neu-NRGN-II,FULL,200,17.2,16.07220266685048,18.32779733314952,0.9082951062292475,5.0,0.2492819921413355,0.0
Neu-NRGN-II,FULL,250,17.28,16.20325463906484,18.35674536093516,0.8671793355471518,5.0,0.25867831871374203,0.0
Neu-NRGN-II,MEAN_POOL,50,9.6,5.15768783168353,14.04231216831647,3.5777087639996634,5.0,0.9095645709926792,0.0
Neu-NRGN-II,MEAN_POOL,100,9.0,5.488043867659669,12.51195613234033,2.8284271247461903,5.0,0.9926922261411774,0.0
Neu-NRGN-II,MEAN_POOL,150,8.0,5.073369889716391,10.92663011028361,2.3570226039551585,5.0,0.9994016605213785,0.0
Neu-NRGN-II,MEAN_POOL,200,9.8,8.122604307536673,11.477395692463329,1.3509256086106296,5.0,0.9965601427185641,0.0
Neu-NRGN-II,MEAN_POOL,250,10.4,8.15125085682107,12.64874914317893,1.8110770276274835,5.0,0.99852812556954,0.0
Neu-NRGN-II,NO_FILTER,50,10.4,5.957687831683531,14.84231216831647,3.5777087639996634,5.0,0.9033654550407397,0.0
Neu-NRGN-II,NO_FILTER,100,9.2,7.159737858025233,11.240262141974766,1.6431676725154982,5.0,0.9915832143601391,0.0
Neu-NRGN-II,NO_FILTER,150,12.933333333333332,10.939784737406397,14.926881929260267,1.6055459438389723,5.0,0.9065115169146035,0.0
Neu-NRGN-II,NO_FILTER,200,14.2,13.25846165582578,15.141538344174219,0.7582875444051551,5.0,0.6737029041728236,0.0
Neu-NRGN-II,NO_FILTER,250,15.2,14.1464131602979,16.2535868397021,0.8485281374238564,5.0,0.5658513747752687,0.0
Neu-NRGN-II,NO_GRAPH,50,12.8,10.578843915841766,15.021156084158235,1.7888543819998317,5.0,0.8150900149563849,0.0
Neu-NRGN-II,NO_GRAPH,100,11.8,9.759737858025233,13.840262141974769,1.6431676725154984,5.0,0.9290395811537518,0.0
Neu-NRGN-II,NO_GRAPH,150,16.533333333333335,15.840766244210958,17.225900422455712,0.5577733510227167,5.0,0.3912295859512403,0.0
Neu-NRGN-II,NO_GRAPH,200,17.9,16.17726111742433,19.622738882575668,1.3874436925511608,5.0,0.1429726162745819,0.0
Neu-NRGN-II,NO_GRAPH,250,17.68,16.394412971707204,18.965587028292795,1.035374328443583,5.0,0.15824531853674045,0.0
Neu-NRGN-II,WILCOXON_FAIR,50,18.0,18.0,18.0,0.0,5.0,0.3762945688198741,0.0
Neu-NRGN-II,WILCOXON_FAIR,100,19.0,19.0,19.0,0.0,5.0,0.2051288352736006,0.0
Neu-NRGN-II,WILCOXON_FAIR,150,18.0,18.0,18.0,0.0,5.0,0.23351510161838804,0.0
Neu-NRGN-II,WILCOXON_FAIR,200,19.0,19.0,19.0,0.0,5.0,0.1037935011035353,0.0
Neu-NRGN-II,WILCOXON_FAIR,250,19.6,19.6,19.6,0.0,5.0,0.04465939956103775,1.0
Neu-mat,CELLS_AS_NODES,50,31.2,25.219354212219194,37.180645787780804,4.8166378315169185,5.0,0.001223878174129733,1.0
Neu-mat,CELLS_AS_NODES,100,31.0,28.516672003592472,33.483327996407525,2.0,5.0,4.838650158521572e-06,1.0
Neu-mat,CELLS_AS_NODES,150,26.93333333333333,24.855632065966194,29.011034600700466,1.6733200530681511,5.0,9.04127634841491e-06,1.0
Neu-mat,CELLS_AS_NODES,200,24.6,23.40580580595001,25.794194194049993,0.9617692030835672,5.0,1.5747897484709647e-06,1.0
Neu-mat,CELLS_AS_NODES,250,23.2,21.983422708966692,24.416577291033306,0.9797958971132706,5.0,6.667964982521692e-06,1.0
Neu-mat,FULL,50,30.8,26.64459746526573,34.95540253473427,3.3466401061363023,5.0,0.001223878174129733,1.0
Neu-mat,FULL,100,31.4,27.319475716050466,35.480524283949535,3.2863353450309964,5.0,4.583263704722158e-07,1.0
Neu-mat,FULL,150,28.666666666666664,24.828427260355475,32.50490607297785,3.091206165165235,5.0,5.2934341807017816e-08,1.0
Neu-mat,FULL,200,27.3,23.508347663305653,31.09165233669435,3.053686296920494,5.0,1.469588145868936e-09,1.0
Neu-mat,FULL,250,25.76,21.14608618187515,30.37391381812485,3.71591173199795,5.0,9.944018527159576e-11,1.0
Neu-mat,MEAN_POOL,50,26.4,22.319475716050466,30.48052428394953,3.2863353450309964,5.0,0.009783999947824478,1.0
Neu-mat,MEAN_POOL,100,16.4,13.162136430582592,19.637863569417405,2.60768096208106,5.0,0.32259088030990246,0.2
Neu-mat,MEAN_POOL,150,12.133333333333333,9.36306497684382,14.903601689822846,2.2310934040908683,5.0,0.7761328334828307,0.0
Neu-mat,MEAN_POOL,200,11.1,8.640063369432298,13.559936630567702,1.981161275615895,5.0,0.8919829277617863,0.0
Neu-mat,MEAN_POOL,250,10.0,7.697056356213286,12.302943643786714,1.8547236990991405,5.0,0.967804099423685,0.0
Neu-mat,NO_FILTER,50,16.8,10.090417230146691,23.50958276985331,5.403702434442518,5.0,0.14255812500242446,0.2
Neu-mat,NO_FILTER,100,23.4,20.045208615073342,26.754791384926655,2.701851217221259,5.0,0.0013980777346625714,1.0
Neu-mat,NO_FILTER,150,23.73333333333333,20.950725190351918,26.515941476314744,2.2410315085295487,5.0,5.922206326490083e-05,1.0
Neu-mat,NO_FILTER,200,23.3,20.23960678703785,26.36039321296215,2.4647515087732472,5.0,2.3154336129307523e-06,1.0
Neu-mat,NO_FILTER,250,22.16,19.209120787275275,25.110879212724726,2.376552124402071,5.0,1.177229062131065e-06,1.0
Neu-mat,NO_GRAPH,50,36.8,30.56689619789859,43.03310380210141,5.019960159204454,5.0,6.614745769119403e-06,1.0
Neu-mat,NO_GRAPH,100,29.2,19.646446447600077,38.75355355239992,7.694153624668538,5.0,1.3140183763486958e-07,0.8
Neu-mat,NO_GRAPH,150,23.066666666666666,17.13780233653344,28.995530996799893,4.774934554525328,5.0,2.2725568422541363e-05,0.8
Neu-mat,NO_GRAPH,200,20.5,15.833424278161832,25.166575721838168,3.758324094593227,5.0,9.763451544186151e-05,0.8
Neu-mat,NO_GRAPH,250,19.04,15.34659743890758,22.73340256109242,2.9745587908125137,5.0,0.0008492782415617943,0.8
Neu-mat,WILCOXON_FAIR,50,30.0,30.0,30.0,0.0,5.0,0.001223878174129733,1.0
Neu-mat,WILCOXON_FAIR,100,35.0,35.0,35.0,0.0,5.0,9.398010675570217e-09,1.0
Neu-mat,WILCOXON_FAIR,150,32.0,32.0,32.0,0.0,5.0,4.673103554107656e-10,1.0
Neu-mat,WILCOXON_FAIR,200,31.0,31.0,31.0,0.0,5.0,4.442535944345232e-12,1.0
Neu-mat,WILCOXON_FAIR,250,30.0,30.0,30.0,0.0,5.0,1.0949264306153507e-13,1.0
OPC,CELLS_AS_NODES,50,14.4,9.95768783168353,18.842312168316468,3.5777087639996634,5.0,0.5997962419093268,0.0
OPC,CELLS_AS_NODES,100,14.4,9.54320464587389,19.256795354126112,3.9115214431215892,5.0,0.35525407822792726,0.2
OPC,CELLS_AS_NODES,150,15.066666666666668,12.90809095372173,17.225242379611604,1.7384539747207057,5.0,0.1603669111870985,0.2
OPC,CELLS_AS_NODES,200,15.1,13.493016214634004,16.706983785365995,1.2942179105544784,5.0,0.14854957928425375,0.2
OPC,CELLS_AS_NODES,250,15.280000000000001,13.77353864932125,16.786461350678753,1.2132600710482482,5.0,0.09848270298265613,0.4
OPC,FULL,50,8.8,4.288810667401921,13.31118933259808,3.63318042491699,5.0,0.8843568814415244,0.0
OPC,FULL,100,8.2,5.81161161190002,10.588388388099979,1.9235384061671343,5.0,0.942081733298094,0.0
OPC,FULL,150,8.0,6.344448002394981,9.65555199760502,1.3333333333333335,5.0,0.9452105668287523,0.0
OPC,FULL,200,13.7,10.972575434150269,16.42742456584973,2.1965882636488794,5.0,0.3453005984836323,0.2
OPC,FULL,250,16.24,12.860483463467425,19.619516536532572,2.72176413379264,5.0,0.020518008139669017,0.8
OPC,MEAN_POOL,50,16.4,11.62322322380004,21.176776776199958,3.847076812334269,5.0,0.27483793917022503,0.2
OPC,MEAN_POOL,100,11.2,7.868265873762647,14.531734126237351,2.6832815729997477,5.0,0.8128489675343957,0.0
OPC,MEAN_POOL,150,11.466666666666665,9.169681489899107,13.763651843434223,1.8499249234015476,5.0,0.7814237275784768,0.0
OPC,MEAN_POOL,200,10.3,7.952302637294066,12.647697362705935,1.8907670401189036,5.0,0.9231451300964877,0.0
OPC,MEAN_POOL,250,9.28,7.047765761911381,11.512234238088617,1.7977764043395386,5.0,0.9857950511099306,0.0
OPC,NO_FILTER,50,12.8,7.082949618025956,18.517050381974045,4.604345773288535,5.0,0.5426969979453868,0.0
OPC,NO_FILTER,100,10.4,6.716629334016037,14.083370665983963,2.9664793948382653,5.0,0.7537542341414325,0.0
OPC,NO_FILTER,150,8.666666666666668,5.984365864364348,11.348967468968988,2.160246899469287,5.0,0.9738232763124224,0.0
OPC,NO_FILTER,200,11.8,9.07257543415027,14.527424565849731,2.1965882636488794,5.0,0.5775131698316878,0.0
OPC,NO_FILTER,250,14.4,12.044108206226934,16.755891793773067,1.8973665961010269,5.0,0.050275177775088956,0.4
OPC,NO_GRAPH,50,14.0,14.0,14.0,0.0,5.0,0.4278578668672482,0.0
OPC,NO_GRAPH,100,9.6,8.489421957920882,10.710578042079117,0.8944271909999159,5.0,0.889689699408736,0.0
OPC,NO_GRAPH,150,7.6,7.146608412894496,8.053391587105503,0.3651483716701109,5.0,0.9853344983572946,0.0
OPC,NO_GRAPH,200,12.8,11.370737404506489,14.229262595493513,1.151086443322134,5.0,0.42898348822790283,0.0
OPC,NO_GRAPH,250,13.919999999999998,13.103895143210092,14.736104856789904,0.6572670690061991,5.0,0.23819175205457807,0.0
OPC,WILCOXON_FAIR,50,10.0,10.0,10.0,0.0,5.0,0.7612090524847059,0.0
OPC,WILCOXON_FAIR,100,13.0,13.0,13.0,0.0,5.0,0.473194584488009,0.0
OPC,WILCOXON_FAIR,150,17.333333333333332,17.333333333333332,17.333333333333332,0.0,5.0,0.04416190400213774,1.0
OPC,WILCOXON_FAIR,200,15.5,15.5,15.5,0.0,5.0,0.1049786932117736,0.0
OPC,WILCOXON_FAIR,250,13.6,13.6,13.6,0.0,5.0,0.3027175645701752,0.0
Oligodendrocytes,CELLS_AS_NODES,50,7.6,5.522298732632864,9.677701267367135,1.6733200530681511,5.0,0.954648705611334,0.0
Oligodendrocytes,CELLS_AS_NODES,100,11.4,8.045208615073346,14.754791384926655,2.701851217221259,5.0,0.8386373436293748,0.0
Oligodendrocytes,CELLS_AS_NODES,150,12.666666666666668,10.39970873113915,14.933624602194186,1.825741858350554,5.0,0.8224025293033701,0.0
Oligodendrocytes,CELLS_AS_NODES,200,12.2,11.25846165582578,13.141538344174219,0.758287544405155,5.0,0.8688464044450095,0.0
Oligodendrocytes,CELLS_AS_NODES,250,12.4,11.470823745845925,13.329176254154076,0.7483314773547884,5.0,0.8643330555899755,0.0
Oligodendrocytes,FULL,50,6.8,5.439825238683489,8.160174761316512,1.0954451150103321,5.0,0.986167821503754,0.0
Oligodendrocytes,FULL,100,6.2,5.6447109789604415,6.755289021039559,0.44721359549995787,5.0,0.9986079059256007,0.0
Oligodendrocytes,FULL,150,5.866666666666666,5.496473985973627,6.236859347359705,0.2981423969999721,5.0,0.9998577042974581,0.0
Oligodendrocytes,FULL,200,9.9,8.177261117424333,11.622738882575668,1.3874436925511606,5.0,0.9930942348733689,0.0
Oligodendrocytes,FULL,250,11.28,9.77353864932125,12.78646135067875,1.2132600710482482,5.0,0.9318439977109148,0.0
Oligodendrocytes,MEAN_POOL,50,8.8,5.468265873762649,12.131734126237353,2.6832815729997477,5.0,0.8887102118651353,0.0
Oligodendrocytes,MEAN_POOL,100,7.0,4.67705936461481,9.32294063538519,1.8708286933869707,5.0,0.9986079059256007,0.0
Oligodendrocytes,MEAN_POOL,150,7.0666666666666655,5.681532488421909,8.451800844911421,1.115546702045434,5.0,0.9988146990889605,0.0
Oligodendrocytes,MEAN_POOL,200,8.5,6.79978154835436,10.20021845164564,1.3693063937629153,5.0,0.9983245179729112,0.0
Oligodendrocytes,MEAN_POOL,250,9.6,8.5464131602979,10.653586839702099,0.8485281374238571,5.0,0.9965573817273832,0.0
Oligodendrocytes,NO_FILTER,50,6.4,5.289421957920883,7.510578042079118,0.8944271909999159,5.0,0.9793096321975591,0.0
Oligodendrocytes,NO_FILTER,100,6.0,5.122010966914917,6.877989033085083,0.7071067811865476,5.0,0.9971023790269513,0.0
Oligodendrocytes,NO_FILTER,150,6.133333333333334,5.763140652640295,6.503526014026373,0.2981423969999721,5.0,0.9995863477091161,0.0
Oligodendrocytes,NO_FILTER,200,9.8,8.370737404506489,11.229262595493513,1.1510864433221337,5.0,0.9697966599782759,0.0
Oligodendrocytes,NO_FILTER,250,11.52,10.564644644760008,12.47535535523999,0.7694153624668538,5.0,0.8997129161934493,0.0
Oligodendrocytes,NO_GRAPH,50,6.0,6.0,6.0,0.0,5.0,0.986167821503754,0.0
Oligodendrocytes,NO_GRAPH,100,6.0,6.0,6.0,0.0,5.0,0.9986079059256007,0.0
Oligodendrocytes,NO_GRAPH,150,5.6,5.146608412894496,6.053391587105503,0.3651483716701109,5.0,0.9999588065947512,0.0
Oligodendrocytes,NO_GRAPH,200,9.6,7.387537319392198,11.812462680607801,1.7818529681205462,5.0,0.9964918688584584,0.0
Oligodendrocytes,NO_GRAPH,250,10.88,8.487741684887679,13.272258315112323,1.926655132606767,5.0,0.9889927085568296,0.0
Oligodendrocytes,WILCOXON_FAIR,50,12.0,12.0,12.0,0.0,5.0,0.7809878681313218,0.0
Oligodendrocytes,WILCOXON_FAIR,100,11.0,11.0,11.0,0.0,5.0,0.9028275772678531,0.0
Oligodendrocytes,WILCOXON_FAIR,150,11.333333333333334,11.333333333333334,11.333333333333334,0.0,5.0,0.922974371211394,0.0
Oligodendrocytes,WILCOXON_FAIR,200,12.0,12.0,12.0,0.0,5.0,0.9095402112906451,0.0
Oligodendrocytes,WILCOXON_FAIR,250,13.2,13.2,13.2,0.0,5.0,0.8179376924413466,0.0
