context,neg,real,diff,n_donors,n_seeds,neg_sd,real_sd
L2/3,1.14,1.411,0.271,16,5,0.218,0.263
L4,1.732,2.217,0.486,16,5,0.731,0.258
L5/6,1.493,2.11,0.617,16,5,0.565,0.219
L5/6-CC,1.265,2.408,1.143,16,5,0.154,0.178
IN-PV,1.152,1.821,0.669,16,5,0.263,0.217
IN-SST,1.571,1.923,0.353,16,5,0.372,0.09
IN-SV2C,1.552,2.377,0.825,16,5,0.381,0.165
IN-VIP,1.329,1.649,0.32,16,5,0.559,0.12
Neu-mat,1.697,1.9,0.203,16,5,0.431,0.285
Neu-NRGN-I,1.217,1.252,0.035,16,5,0.283,0.266
Neu-NRGN-II,0.968,0.947,-0.021,16,5,0.326,0.166
AST-FB,1.046,1.101,0.056,16,5,0.119,0.187
AST-PP,1.219,1.234,0.015,16,5,0.364,0.102
Microglia,1.191,1.191,-0.0,14,5,0.246,0.08
Oligodendrocytes,1.206,1.021,-0.185,16,5,0.179,0.18
OPC,1.043,1.296,0.253,16,5,0.382,0.285
Endothelial,1.37,1.11,-0.26,16,5,0.096,0.235
